id,type,subtype,rnc,breeze,color,,,
ac01,movement,movement,6,false,black,,,
ac02,movement,movement,5,false,black,,,
ac03,movement,movement,5,false,black,,,
ac04,terrain,woods,3,false,black,,,
ac05,movement,movement,4,false,black,,,
ac06,movement,movement,5,false,black,,,
ac07,movement,movement,3,false,black,,,
ac08,movement,movement,2,false,black,,,
ac09,movement,movement,2,false,black,,,
ac10,movement,movement,1,false,black,,,
ac11,movement,movement,1,false,black,,,
ac12,movement,movement,0,false,black,,,
ac13,movement,movement,0,false,black,,,
ac14,movement,movement,-0,false,red,,,
ac15,movement,movement,-0,false,red,,,
ac16,movement,movement,-1,false,red,,,
ac17,movement,movement,-1,false,red,,,
ac18,movement,movement,4,false,black,,,
ac19,movement,movement,-2,false,red,,,
ac20,movement,movement,-2,false,red,,,
ac21,movement,movement,-3,false,red,,,
ac22,terrain,woods,1,false,black,,,
ac23,movement,movement,-4,false,red,,,
ac24,movement,movement,-4,false,red,,,
ac25,terrain,woods,-0,false,red,,,
ac26,movement,movement,-5,false,red,,,
ac27,movement,movement,-5,false,red,,,
ac28,movement,movement,-6,false,red,,,
ac29,movement,movement,-5,false,red,,,
ac30,hero,hero,0,false,black,,,
ac31,rally,rally 1,-6,true,red,,,
ac32,rally,rally 1 / radio,6,false,black,,,
ac33,terrain,buildings,1,false,black,,,
ac34,rally,rally 1,5,false,black,,,
ac35,rally,rally 2,-1,true,red,,,
ac36,rally,rally 5 / radio,-1,false,red,,,
ac37,rally,rally 1,4,false,black,,,
ac38,rally,rally 2,-2,true,red,,,
ac39,rally,rally 6 / radio,-0,false,red,,,
ac40,rally,rally 1,-5,true,red,,,
ac41,rally,rally 1,-4,false,red,,,
ac42,rally,rally 2 / radio,0,false,black,,,
ac43,rally,rally 3,2,true,black,,,
ac44,rally,rally 3,-2,true,red,,,
ac45,terrain,buildings,1,false,black,,,
ac46,rally,rally 3 / radio,0,false,black,,,
ac47,rally,rally 4,3,false,black,,,
ac48,rally,rally 5,1,true,black,,,
ac49,rally,rally 2,2,true,black,,,
ac50,rally,rally 4,-3,true,red,,,
ac51,rally,rally 2 / conceal -1 / radio,1,false,black,,,
ac52,rally,rally 3 / conceal -2 / radio,-0,false,red,,,
ac53,rally,rally 4 / conceal -1 / radio,4,false,black,,,
ac54,concealed,concealed -1,3,false,black,,,
ac55,concealed,concealed -1,2,false,black,,,
ac56,concealed,concealed -1,1,false,black,,,
ac57,concealed,concealed -1,0,false,black,,,
ac58,terrain,buildings,-0,false,red,,,
ac59,concealed,concealed -1,-1,false,red,,,
ac60,concealed,concealed -1,-2,false,red,,,
ac61,concealed,concealed -1,-3,false,red,,,
ac62,concealed,concealed -1,-0,false,red,,,
ac63,concealed,concealed -2,4,false,black,,,
ac64,terrain,pillbox,-0,false,red,,,
ac65,concealed,concealed -2,2,false,black,,,
ac66,concealed,concealed -2,-2,false,red,,,
ac67,concealed,concealed -2,-4,false,red,,,
ac68,concealed,concealed -3,1,false,black,,,
ac69,concealed,concealed -3,-1,false,red,,,
ac70,fire,fire 1 (ff1),6,false,black,,,
ac71,terrain,buildings,-0,false,red,,,
ac72,fire,fire 2 (ff3),5,false,black,,,
ac73,fire,fire 3 (ff7),4,false,black,,,
ac74,fire,fire 1 (ff3),3,false,black,,,
ac75,fire,fire 2 (ff4),2,false,black,,,
ac76,fire,fire 3 (ff6),4,false,black,,,
ac77,terrain,buildings,0,false,black,,,
ac78,fire,fire 1 (ff4),3,false,black,,,
ac79,fire,fire 2 (ff6),1,false,black,,,
ac80,fire,fire 3 (ff8),1,false,black,,,
ac81,fire,fire 1 (ff5),2,false,black,,,
ac82,fire,fire 2 (ff7),1,false,black,,,
ac83,fire,fire 3 (ff9),-1,false,red,,,
ac84,fire,fire 1 (ff2),1,false,black,,,
ac85,fire,fire 2 (ff8),-1,false,red,,,
ac86,fire,fire 3 (ff3),-2,false,red,,,
ac87,fire,fire 1 (ff2),-1,false,red,,,
ac88,fire,fire 2 (ff2),-1,false,red,,,
ac89,fire,fire 3 (ff5),-4,false,red,,,
ac90,fire,fire 4 (ff10),3,false,black,,,
ac91,fire,fire 4 (ff11),1,false,black,,,
ac92,fire,fire 4 (ff8),0,false,black,,,
ac93,fire,fire 4 (ff9),-0,false,red,,,
ac94,fire,fire 4 (ff12),-1,false,red,,,
ac95,terrain,buildings,0,false,black,,,
ac96,fire,fire 4 (ff7),-3,false,red,,,
ac97,fire,fire 5 (ff13),2,false,black,,,
ac98,terrain,buildings,-1,false,red,,,
ac99,fire,fire 5 (ff12),1,false,black,,,
ac100,fire,fire 5 (ff14),0,false,black,,,
ac101,fire,fire 5 (ff11),-0,false,red,,,
ac102,fire,fire 5 (ff15),-1,false,red,,,
ac103,fire,fire 5 (ff10),-2,false,red,,,
ac104,fire,fire 6 (ff16),2,false,black,,,
ac105,fire,fire 6 (ff17),1,false,black,,,
ac106,fire,fire 6 (ff15),0,false,black,,,
ac107,fire,fire 6 (ff13),-0,false,red,,,
ac108,fire,fire 6 (ff14),-1,false,red,,,
ac109,fire,fire 6 (ff18),-2,false,red,,,
ac110,fire,fire 7 (ff16),3,false,black,,,
ac111,fire,fire 7 (ff15),0,false,black,,,
ac112,fire,fire 7 (ff17),-0,false,red,,,
ac113,fire,fire 7 (ff18),-3,false,red,,,
ac114,fire,fire 8 (ff17),2,false,black,,,
ac115,fire,fire 8 (ff18),-2,false,red,,,
ac116,fire,fire 1 (ff3),-3,false,red,,,
ac117,fire,fire 1 (ff4),-3,false,red,,,
ac118,terrain,gully,3,false,black,,,
ac119,terrain,wall,2,false,black,,,
ac120,terrain,wire,2,false,black,,,
ac121,terrain,gully,-3,false,red,,,
ac122,terrain,wall,0,false,black,,,
ac123,terrain,wire,-0,false,red,,,
ac124,terrain,gully,-4,false,red,,,
ac125,terrain,wall,-2,false,red,,,
ac126,terrain,wire,-2,false,red,,,
ac127,terrain,brush,1,false,black,,,
ac128,smoke,smoke,3,false,black,,,
ac129,terrain,brush,0,false,black,,,
ac130,smoke,smoke,1,false,black,,,
ac131,terrain,brush,0,false,black,,,
ac132,smoke,smoke,-1,false,red,,,
ac133,terrain,brush,-0,false,red,,,
ac134,smoke,smoke,-3,false,red,,,
ac135,terrain,brush,-0,false,red,,,
ac136,terrain,stream,0,false,black,,,
ac137,terrain,marsh,0,false,black,,,
ac138,terrain,minefield,0,false,black,,,
ac139,terrain,stream,-0,false,red,,,
ac140,terrain,marsh,-0,false,red,,,
ac141,terrain,minefield,-0,false,red,,,
ac142,terrain,hill,2,false,black,,,
ac143,terrain,buildings,-1,false,red,,,
ac144,sniper,sniper,0,false,black,,,
ac145,terrain,hill,0,false,black,,,
ac146,terrain,woods,-1,false,red,,,
ac147,terrain,woods,-3,false,red,,,
ac148,sniper,sniper,0,false,black,,,
ac149,terrain,hill,-2,false,red,,,
ac150,sniper,sniper,-0,false,red,,,
ac151,hero,hero,-0,false,red,,,
ac152,fire,fire 1 (ff1),-6,false,red,,,
ac153,fire,fire 2 (ff5),-2,false,red,,,
ac154,fire,fire 2 (ff1),-5,false,red,,,
ac155,fire,fire 3 (ff4),-4,false,red,,,
ac156,sniper,sniper,-0,false,red,,,
ac157,terrain,brush (varianten: field),-1,false,red,,,
ac158,movement,movement / smoke,4,false,black,,,
ac159,rally,rally 1 / movement,3,false,black,,,
ac160,rally,rally all,0,false,black,,,
ac161,movement,concealed -1 / movement,-3,false,red,,,
ac162,movement,concealed -1 / movement,-4,false,red,,,
