id,nation,rank,name,weapon,malfunction,ccv,firepower,morale,panic,rout,kia,points,,
ge01,german,SGT,Diettinger,Machine Pistol,6,8|4|5|1,0|0|0|1|3|5,5,6,6,8|9,51,,
ge02,german,CPL,Hessel,Machine Pistol,6,7|3|4|0,0|0|0|1|3|5,4,5,5,8|9,41,,
ge03,german,PFC,Schüssel,Light Machinegun,6/5|6,4|0|3|-1,4|5|6|7|8|9/2|3|3|4|4|5,3,4,4,8|9,54,,
ge04,german,PVT,Schumacher,Bolt-Action Rifle,6,8|4|3|-1,0|1|1|2|2|3,3,4,4,8|9,15,,
ge05,german,PVT,Schultz,Bolt-Action Rifle,6,7|3|2|-2,0|1|1|2|2|3,2,3,3,8|9,10,,
ge06,german,PVT,Bernhoff,Bolt-Action Rifle,6,10|6|5|1,0|1|1|2|2|3,5,6,6,8|9,25,,
ge07,german,PVT,Beck,Bolt-Action Rifle,6,6|2|1|-3,0|1|1|2|2|3,1,2,2,8|9,5,,
ge08,german,PVT,Wollak,Bolt-Action Rifle,6,7|3|2|-2,0|1|1|2|2|3,2,2,2,8|9,8,,
ge09,german,PVT,Streich,Bolt-Action Rifle,6,8|4|3|-1,0|1|1|2|2|3,3,3,3,8|9,13,,
ge10,german,PVT,Wolff,Bolt-Action Rifle,6,9|5|4|0,0|1|1|2|2|3,4,4,4,8|9,17,,
us01,american,SGT,Burnett,Machine Pistol,6,7|3|4|0,0|0|0|1|3|5,4,6,6,8|9,47,,
us02,american,CPL,Moores,Machine Pistol,6,6|2|3|-1,0|0|0|1|3|5,3,5,5,8|9,36,,
us03,american,PFC,Fox,BAR,6,6|2|4|0,2|3|3|4|4|5,4,5,5,8|9,44,,
us04,american,PVT,McElroy,Semi-Automatic Rifle,6,8|4|3|-1,0|1|1|2|2|3,3,5,5,8|9,16,,
us05,american,PVT,Frattali,Semi-Automatic Rifle,6,8|4|3|-1,0|1|1|2|2|3,3,4,4,8|9,14,,
us06,american,PVT,Smith,Semi-Automatic Rifle,6,6|2|1|-3,0|1|1|2|2|3,1,3,3,8|9,5,,
us07,american,PVT,Anderson,Semi-Automatic Rifle,6,8|4|3|-1,0|1|1|2|2|3,3,4,4,8|9,14,,
us08,american,PVT,Burke,Semi-Automatic Rifle,6,7|3|2|-2,0|1|1|2|2|3,2,3,3,8|9,9,,
us09,american,PVT,Myers,Semi-Automatic Rifle,6,10|6|5|1,0|1|1|2|2|3,5,6,6,8|9,24,,
us10,american,PVT,Watson,Semi-Automatic Rifle,6,6|2|1|-3,0|1|1|2|2|3,1,2,2,8|9,4,,
us11,american,PVT,Greenwood,Semi-Automatic Rifle,6,8|4|3|-1,0|1|1|2|2|3,3,5,5,8|9,16,,
us12,american,PVT,Edwards,Semi-Automatic Rifle,6,7|3|2|-2,0|1|1|2|2|3,2,4,4,8|9,11,,
